node,eigenvector
0,0.000033
1,0.000001
2,0.000000
3,0.000001
4,0.000000
5,0.000001
6,0.000000
7,0.000026
8,0.000000
9,0.000002
10,0.000001
11,0.000000
12,0.000000
13,0.000001
14,0.000000
15,0.000000
16,0.000000
17,0.000000
18,0.000000
19,0.000000
20,0.000000
21,0.000026
22,0.000001
23,0.000000
24,0.000000
25,0.000002
26,0.000002
27,0.000000
28,0.000000
29,0.000000
30,0.000001
31,0.000001
32,0.000000
33,0.000000
34,0.000004
35,0.000000
36,0.000000
37,0.000000
38,0.000001
39,0.000000
40,0.000002
41,0.000000
42,0.000000
43,0.000000
44,0.000000
45,0.000001
46,0.000000
47,0.000000
48,0.000000
49,0.000000
50,0.000000
51,0.000000
52,0.000000
53,0.000001
54,0.000000
55,0.000001
56,0.000026
57,0.000000
58,0.000589
59,0.000001
60,0.000001
61,0.000000
62,0.000001
63,0.000000
64,0.000000
65,0.000001
66,0.000001
67,0.000027
68,0.000000
69,0.000001
70,0.000000
71,0.000000
72,0.000001
73,0.000000
74,0.000000
75,0.000001
76,0.000000
77,0.000000
78,0.000000
79,0.000000
80,0.000001
81,0.000000
82,0.000001
83,0.000000
84,0.000000
85,0.000001
86,0.000000
87,0.000025
88,0.000001
89,0.000000
90,0.000000
91,0.000000
92,0.000000
93,0.000000
94,0.000000
95,0.000000
96,0.000000
97,0.000000
98,0.000002
99,0.000000
100,0.000000
101,0.000000
102,0.000000
103,0.000025
104,0.000001
105,0.000001
106,0.000000
107,0.000167
108,0.000000
109,0.000002
110,0.000000
111,0.000000
112,0.000000
113,0.000001
114,0.000000
115,0.000000
116,0.000000
117,0.000000
118,0.000001
119,0.000002
120,0.000024
121,0.000001
122,0.000026
123,0.000001
124,0.000000
125,0.000024
126,0.000000
127,0.000000
128,0.000002
129,0.000001
130,0.000001
131,0.000000
132,0.000001
133,0.000001
134,0.000001
135,0.000000
136,0.003894
137,0.000000
138,0.000000
139,0.000000
140,0.000000
141,0.000001
142,0.000002
143,0.000000
144,0.000000
145,0.000000
146,0.000025
147,0.000000
148,0.000001
149,0.000000
150,0.000000
151,0.000000
152,0.000000
153,0.000000
154,0.000000
155,0.000000
156,0.000025
157,0.000000
158,0.000001
159,0.000000
160,0.000000
161,0.000002
162,0.000000
163,0.000000
164,0.000000
165,0.000001
166,0.000000
167,0.000000
168,0.000001
169,0.000026
170,0.000002
171,0.000005
172,0.000001
173,0.000000
174,0.000000
175,0.000000
176,0.000000
177,0.000000
178,0.000001
179,0.000000
180,0.000000
181,0.000000
182,0.000000
183,0.000000
184,0.000000
185,0.000002
186,0.000002
187,0.000000
188,0.000002
189,0.000000
190,0.000000
191,0.000000
192,0.000000
193,0.000000
194,0.000000
195,0.000000
196,0.000001
197,0.000000
198,0.000000
199,0.000002
200,0.000002
201,0.000000
202,0.000000
203,0.000002
204,0.000000
205,0.000000
206,0.000000
207,0.000001
208,0.000000
209,0.000000
210,0.000000
211,0.000001
212,0.000001
213,0.000026
214,0.000000
215,0.000000
216,0.000000
217,0.000000
218,0.000000
219,0.000000
220,0.000000
221,0.000001
222,0.000000
223,0.000001
224,0.000002
225,0.000000
226,0.000000
227,0.000000
228,0.000000
229,0.000000
230,0.000000
231,0.000001
232,0.000001
233,0.000000
234,0.000000
235,0.000001
236,0.000002
237,0.000000
238,0.000001
239,0.000002
240,0.000000
241,0.000000
242,0.000001
243,0.000000
244,0.000000
245,0.000000
246,0.000026
247,0.000000
248,0.000001
249,0.000001
250,0.000000
251,0.000001
252,0.000003
253,0.000000
254,0.000000
255,0.000000
256,0.000000
257,0.000001
258,0.000000
259,0.000000
260,0.000001
261,0.000001
262,0.000000
263,0.000000
264,0.000000
265,0.000001
266,0.000000
267,0.000000
268,0.000000
269,0.000004
270,0.000000
271,0.000002
272,0.000002
273,0.000000
274,0.000001
275,0.000000
276,0.000001
277,0.000003
278,0.000000
279,0.000000
280,0.000002
281,0.000001
282,0.000000
283,0.000000
284,0.000001
285,0.000026
286,0.000000
287,0.000000
288,0.000000
289,0.000000
290,0.000001
291,0.000002
292,0.000000
293,0.000000
294,0.000000
295,0.000000
296,0.000000
297,0.000001
298,0.000000
299,0.000000
300,0.000000
301,0.000000
302,0.000000
303,0.000001
304,0.000026
305,0.000000
306,0.000000
307,0.000000
308,0.000026
309,0.000000
310,0.000000
311,0.000000
312,0.000000
313,0.000002
314,0.000000
315,0.000027
316,0.000000
317,0.000000
318,0.000000
319,0.000000
320,0.000000
321,0.000000
322,0.000027
323,0.000002
324,0.000025
325,0.000001
326,0.000000
327,0.000000
328,0.000000
329,0.000001
330,0.000000
331,0.000001
332,0.000002
333,0.000000
334,0.000002
335,0.000000
336,0.000000
337,0.000000
338,0.000000
339,0.000025
340,0.000001
341,0.000001
342,0.000001
343,0.000000
344,0.000001
345,0.000001
346,0.000000
347,0.000001
348,0.000013
349,0.000000
350,0.000004
351,0.000000
352,0.000001
353,0.000008
354,0.000001
355,0.000001
356,0.000000
357,0.000004
358,0.000000
359,0.000001
360,0.000005
361,0.000000
362,0.000001
363,0.000004
364,0.000000
365,0.000000
366,0.000008
367,0.000001
368,0.000001
369,0.000004
370,0.000010
371,0.000000
372,0.000000
373,0.000011
374,0.000007
375,0.000001
376,0.000013
377,0.000000
378,0.000010
379,0.000000
380,0.000000
381,0.000000
382,0.000000
383,0.000000
384,0.000000
385,0.000000
386,0.000000
387,0.000005
388,0.000002
389,0.000002
390,0.000000
391,0.000010
392,0.000005
393,0.000000
394,0.000001
395,0.000007
396,0.000000
397,0.000005
398,0.000001
399,0.000000
400,0.000007
401,0.000000
402,0.000010
403,0.000000
404,0.000005
405,0.000008
406,0.000000
407,0.000004
408,0.000006
409,0.000001
410,0.000000
411,0.000000
412,0.000007
413,0.000001
414,0.000011
415,0.000008
416,0.000004
417,0.000006
418,0.000001
419,0.000005
420,0.000006
421,0.000005
422,0.000001
423,0.000006
424,0.000000
425,0.000008
426,0.000004
427,0.000008
428,0.000598
429,0.000000
430,0.000009
431,0.000010
432,0.000010
433,0.000004
434,0.000009
435,0.000004
436,0.000010
437,0.000000
438,0.000010
439,0.000006
440,0.000001
441,0.000000
442,0.000004
443,0.000000
444,0.000006
445,0.000001
446,0.000001
447,0.000000
448,0.000000
449,0.000004
450,0.000001
451,0.000008
452,0.000005
453,0.000000
454,0.000000
455,0.000005
456,0.000010
457,0.000004
458,0.000001
459,0.000004
460,0.000010
461,0.000006
462,0.000001
463,0.000005
464,0.000000
465,0.000007
466,0.000000
467,0.000000
468,0.000000
469,0.000004
470,0.000000
471,0.000005
472,0.000000
473,0.000005
474,0.000000
475,0.000012
476,0.000000
477,0.000004
478,0.000000
479,0.000005
480,0.000004
481,0.000000
482,0.000005
483,0.000010
484,0.000009
485,0.000004
486,0.000000
487,0.000001
488,0.000001
489,0.000000
490,0.000000
491,0.000000
492,0.000006
493,0.000002
494,0.000001
495,0.000001
496,0.000002
497,0.000007
498,0.000000
499,0.000000
500,0.000010
501,0.000000
502,0.000000
503,0.000002
504,0.000005
505,0.000000
506,0.000010
507,0.000010
508,0.000008
509,0.000000
510,0.000004
511,0.000005
512,0.000005
513,0.000011
514,0.000006
515,0.000006
516,0.000004
517,0.000008
518,0.000004
519,0.000001
520,0.000010
521,0.000001
522,0.000000
523,0.000009
524,0.000007
525,0.000010
526,0.000011
527,0.000002
528,0.000004
529,0.000000
530,0.000000
531,0.000004
532,0.000000
533,0.000000
534,0.000004
535,0.000000
536,0.000001
537,0.000002
538,0.000004
539,0.000000
540,0.000000
541,0.000004
542,0.000006
543,0.000004
544,0.000010
545,0.000009
546,0.000005
547,0.000001
548,0.000001
549,0.000008
550,0.000000
551,0.000000
552,0.000000
553,0.000007
554,0.000004
555,0.000001
556,0.000005
557,0.000001
558,0.000004
559,0.000007
560,0.000001
561,0.000007
562,0.000000
563,0.000600
564,0.000000
565,0.000001
566,0.000008
567,0.000010
568,0.000000
569,0.000004
570,0.000005
571,0.000000
572,0.000000
573,0.000000
574,0.000000
575,0.000000
576,0.000000
577,0.000000
578,0.000000
579,0.000000
580,0.000004
581,0.000000
582,0.000000
583,0.000000
584,0.000000
585,0.000000
586,0.000000
587,0.000000
588,0.000000
589,0.000000
590,0.000000
591,0.000006
592,0.000000
593,0.000000
594,0.000007
595,0.000000
596,0.000002
597,0.000000
598,0.000000
599,0.000000
600,0.000000
601,0.000005
602,0.000000
603,0.000000
604,0.000009
605,0.000000
606,0.000008
607,0.000000
608,0.000000
609,0.000004
610,0.000000
611,0.000000
612,0.000000
613,0.000000
614,0.000005
615,0.000000
616,0.000000
617,0.000000
618,0.000000
619,0.000000
620,0.000000
621,0.000000
622,0.000000
623,0.000000
624,0.000000
625,0.000000
626,0.000000
627,0.000000
628,0.000000
629,0.000001
630,0.000000
631,0.000000
632,0.000000
633,0.000000
634,0.000004
635,0.000000
636,0.000000
637,0.000004
638,0.000000
639,0.000000
640,0.000000
641,0.000007
642,0.000000
643,0.000000
644,0.000000
645,0.000005
646,0.000001
647,0.000000
648,0.000000
649,0.000001
650,0.000000
651,0.000007
652,0.000000
653,0.000000
654,0.000000
655,0.000000
656,0.000000
657,0.000000
658,0.000000
659,0.000000
660,0.000000
661,0.000000
662,0.000000
663,0.000000
664,0.000000
665,0.000000
666,0.000000
667,0.000004
668,0.000000
669,0.000005
670,0.000000
671,0.000000
672,0.000000
673,0.000000
674,0.000000
675,0.000000
676,0.000005
677,0.000000
678,0.000000
679,0.000000
680,0.000000
681,0.000000
682,0.000000
683,0.000005
684,0.000000
685,0.000000
686,0.000000
687,0.000000
688,0.000000
689,0.000000
690,0.000000
691,0.000000
692,0.000000
693,0.000000
694,0.000000
695,0.000000
696,0.000000
697,0.000000
698,0.000000
699,0.000000
700,0.000000
701,0.000000
702,0.000000
703,0.000000
704,0.000000
705,0.000000
706,0.000000
707,0.000000
708,0.000000
709,0.000000
710,0.000000
711,0.000000
712,0.000000
713,0.000000
714,0.000000
715,0.000000
716,0.000000
717,0.000000
718,0.000000
719,0.000000
720,0.000000
721,0.000000
722,0.000000
723,0.000000
724,0.000000
725,0.000000
726,0.000000
727,0.000000
728,0.000000
729,0.000000
730,0.000000
731,0.000000
732,0.000000
733,0.000000
734,0.000000
735,0.000000
736,0.000000
737,0.000000
738,0.000000
739,0.000000
740,0.000000
741,0.000000
742,0.000000
743,0.000000
744,0.000000
745,0.000000
746,0.000000
747,0.000000
748,0.000000
749,0.000000
750,0.000000
751,0.000000
752,0.000000
753,0.000000
754,0.000000
755,0.000000
756,0.000000
757,0.000000
758,0.000000
759,0.000000
760,0.000000
761,0.000000
762,0.000000
763,0.000000
764,0.000000
765,0.000000
766,0.000000
767,0.000000
768,0.000000
769,0.000000
770,0.000000
771,0.000000
772,0.000000
773,0.000000
774,0.000000
775,0.000000
776,0.000000
777,0.000000
778,0.000000
779,0.000000
780,0.000000
781,0.000000
782,0.000000
783,0.000000
784,0.000000
785,0.000000
786,0.000000
787,0.000000
788,0.000000
789,0.000000
790,0.000000
791,0.000000
792,0.000000
793,0.000000
794,0.000000
795,0.000000
796,0.000000
797,0.000000
798,0.000000
799,0.000000
800,0.000000
801,0.000000
802,0.000000
803,0.000000
804,0.000000
805,0.000000
806,0.000000
807,0.000000
808,0.000000
809,0.000000
810,0.000000
811,0.000000
812,0.000000
813,0.000000
814,0.000000
815,0.000000
816,0.000000
817,0.000000
818,0.000000
819,0.000000
820,0.000000
821,0.000000
822,0.000000
823,0.000000
824,0.000000
825,0.000000
826,0.000000
827,0.000000
828,0.000000
829,0.000000
830,0.000000
831,0.000000
832,0.000000
833,0.000000
834,0.000000
835,0.000000
836,0.000000
837,0.000000
838,0.000000
839,0.000000
840,0.000000
841,0.000000
842,0.000000
843,0.000000
844,0.000000
845,0.000000
846,0.000000
847,0.000000
848,0.000000
849,0.000000
850,0.000000
851,0.000000
852,0.000000
853,0.000000
854,0.000000
855,0.000000
856,0.000000
857,0.000000
858,0.000000
859,0.000000
860,0.000000
861,0.000000
862,0.000000
863,0.000000
864,0.000000
865,0.000000
866,0.000000
867,0.000000
868,0.000000
869,0.000000
870,0.000000
871,0.000000
872,0.000000
873,0.000000
874,0.000000
875,0.000000
876,0.000000
877,0.000000
878,0.000000
879,0.000000
880,0.000000
881,0.000000
882,0.000000
883,0.000000
884,0.000000
885,0.000000
886,0.000000
887,0.000000
888,0.000000
889,0.000000
890,0.000000
891,0.000000
892,0.000000
893,0.000000
894,0.000000
895,0.000000
896,0.000002
897,0.000010
898,0.000001
899,0.000001
900,0.000001
901,0.000001
902,0.000002
903,0.000001
904,0.000001
905,0.000002
906,0.000009
907,0.000002
908,0.000040
909,0.000001
910,0.000001
911,0.000001
912,0.000001
913,0.000003
914,0.000001
915,0.000005
916,0.000046
917,0.000003
918,0.000001
919,0.000001
920,0.000003
921,0.000042
922,0.000005
923,0.000001
924,0.000002
925,0.000048
926,0.000003
927,0.000011
928,0.000001
929,0.000001
930,0.000006
931,0.000001
932,0.000008
933,0.000001
934,0.000012
935,0.000001
936,0.000002
937,0.000001
938,0.000001
939,0.000001
940,0.000001
941,0.000002
942,0.000002
943,0.000001
944,0.000001
945,0.000001
946,0.000021
947,0.000015
948,0.000002
949,0.000001
950,0.000001
951,0.000031
952,0.000012
953,0.000014
954,0.000002
955,0.000001
956,0.000001
957,0.000002
958,0.000001
959,0.000005
960,0.000012
961,0.000002
962,0.000005
963,0.000001
964,0.000001
965,0.000001
966,0.000014
967,0.000015
968,0.000003
969,0.000001
970,0.000001
971,0.000001
972,0.000003
973,0.000003
974,0.000001
975,0.000002
976,0.000002
977,0.000001
978,0.000014
979,0.000001
980,0.000017
981,0.000002
982,0.000008
983,0.000007
984,0.000002
985,0.000001
986,0.000001
987,0.000001
988,0.000001
989,0.000001
990,0.000002
991,0.000002
992,0.000001
993,0.000020
994,0.000002
995,0.000009
996,0.000001
997,0.000012
998,0.000002
999,0.000011
1000,0.000001
1001,0.000003
1002,0.000001
1003,0.000012
1004,0.000015
1005,0.000001
1006,0.000017
1007,0.000001
1008,0.000001
1009,0.000002
1010,0.000001
1011,0.000001
1012,0.000003
1013,0.000046
1014,0.000002
1015,0.000001
1016,0.000001
1017,0.000019
1018,0.000002
1019,0.000002
1020,0.000002
1021,0.000002
1022,0.000001
1023,0.000001
1024,0.000010
1025,0.000002
1026,0.000012
1027,0.000001
1028,0.000038
1029,0.000053
1030,0.000001
1031,0.000002
1032,0.000002
1033,0.000002
1034,0.000001
1035,0.000002
1036,0.000002
1037,0.000002
1038,0.000001
1039,0.000003
1040,0.000007
1041,0.000002
1042,0.000001
1043,0.000001
1044,0.000001
1045,0.000001
1046,0.000001
1047,0.000010
1048,0.000014
1049,0.000010
1050,0.000001
1051,0.000002
1052,0.000002
1053,0.000001
1054,0.000006
1055,0.000002
1056,0.000007
1057,0.000001
1058,0.000002
1059,0.000020
1060,0.000002
1061,0.000001
1062,0.000002
1063,0.000003
1064,0.000001
1065,0.000001
1066,0.000002
1067,0.000002
1068,0.000005
1069,0.000003
1070,0.000006
1071,0.000001
1072,0.000001
1073,0.000001
1074,0.000090
1075,0.000009
1076,0.000018
1077,0.000085
1078,0.000022
1079,0.000015
1080,0.000002
1081,0.000001
1082,0.000002
1083,0.000012
1084,0.000003
1085,0.000002
1086,0.000021
1087,0.000001
1088,0.000002
1089,0.000001
1090,0.000001
1091,0.000003
1092,0.000008
1093,0.000001
1094,0.000001
1095,0.000002
1096,0.000001
1097,0.000001
1098,0.000002
1099,0.000002
1100,0.000002
1101,0.000015
1102,0.000002
1103,0.000001
1104,0.000002
1105,0.000001
1106,0.000001
1107,0.000017
1108,0.000002
1109,0.000005
1110,0.000008
1111,0.000001
1112,0.000006
1113,0.000002
1114,0.000006
1115,0.000001
1116,0.000005
1117,0.000016
1118,0.000001
1119,0.000001
1120,0.000002
1121,0.000001
1122,0.000002
1123,0.000009
1124,0.000017
1125,0.000014
1126,0.000052
1127,0.000001
1128,0.000012
1129,0.000002
1130,0.000008
1131,0.000001
1132,0.000017
1133,0.000001
1134,0.000001
1135,0.000010
1136,0.000005
1137,0.000001
1138,0.000001
1139,0.000001
1140,0.000002
1141,0.000001
1142,0.000002
1143,0.000001
1144,0.000001
1145,0.000001
1146,0.000018
1147,0.000001
1148,0.000002
1149,0.000015
1150,0.000002
1151,0.000002
1152,0.000001
1153,0.000017
1154,0.000001
1155,0.000003
1156,0.000012
1157,0.000001
1158,0.000002
1159,0.000002
1160,0.000011
1161,0.000004
1162,0.000001
1163,0.000012
1164,0.000004
1165,0.000030
1166,0.000002
1167,0.000001
1168,0.000001
1169,0.000001
1170,0.000001
1171,0.000042
1172,0.000015
1173,0.000057
1174,0.000001
1175,0.000017
1176,0.000001
1177,0.000001
1178,0.000002
1179,0.000006
1180,0.000007
1181,0.000011
1182,0.000038
1183,0.000002
1184,0.000019
1185,0.000020
1186,0.000001
1187,0.000002
1188,0.000001
1189,0.000001
1190,0.000001
1191,0.000015
1192,0.000002
1193,0.000001
1194,0.000001
1195,0.000008
1196,0.000033
1197,0.000029
1198,0.000011
1199,0.000025
1200,0.000001
1201,0.000008
1202,0.000002
1203,0.000001
1204,0.000002
1205,0.000013
1206,0.000001
1207,0.000008
1208,0.000001
1209,0.000009
1210,0.000006
1211,0.000022
1212,0.000001
1213,0.000001
1214,0.000015
1215,0.000001
1216,0.000001
1217,0.000006
1218,0.000001
1219,0.000009
1220,0.000002
1221,0.000002
1222,0.000019
1223,0.000002
1224,0.000001
1225,0.000001
1226,0.000005
1227,0.000002
1228,0.000001
1229,0.000002
1230,0.000017
1231,0.000002
1232,0.000001
1233,0.000001
1234,0.000001
1235,0.000002
1236,0.000001
1237,0.000007
1238,0.000017
1239,0.000002
1240,0.000001
1241,0.000001
1242,0.000011
1243,0.000015
1244,0.000001
1245,0.000002
1246,0.000001
1247,0.000001
1248,0.000001
1249,0.000001
1250,0.000015
1251,0.000001
1252,0.000001
1253,0.000001
1254,0.000001
1255,0.000017
1256,0.000016
1257,0.000002
1258,0.000002
1259,0.000002
1260,0.000001
1261,0.000002
1262,0.000001
1263,0.000001
1264,0.000001
1265,0.000005
1266,0.000002
1267,0.000016
1268,0.000001
1269,0.000017
1270,0.000001
1271,0.000011
1272,0.000012
1273,0.000002
1274,0.000002
1275,0.000002
1276,0.000001
1277,0.000002
1278,0.000004
1279,0.000002
1280,0.000010
1281,0.000002
1282,0.000002
1283,0.000004
1284,0.000002
1285,0.000006
1286,0.000001
1287,0.000009
1288,0.000011
1289,0.000055
1290,0.000011
1291,0.000015
1292,0.000002
1293,0.000007
1294,0.000002
1295,0.000001
1296,0.000001
1297,0.000001
1298,0.000002
1299,0.000001
1300,0.000006
1301,0.000001
1302,0.000014
1303,0.000002
1304,0.000001
1305,0.000015
1306,0.000001
1307,0.000002
1308,0.000001
1309,0.000002
1310,0.000001
1311,0.000001
1312,0.000040
1313,0.000006
1314,0.000001
1315,0.000002
1316,0.000001
1317,0.000002
1318,0.000002
1319,0.000001
1320,0.000006
1321,0.000005
1322,0.000002
1323,0.000011
1324,0.000002
1325,0.000002
1326,0.000001
1327,0.000036
1328,0.000001
1329,0.000018
1330,0.000015
1331,0.000018
1332,0.000002
1333,0.000001
1334,0.000040
1335,0.000017
1336,0.000007
1337,0.000005
1338,0.000006
1339,0.000012
1340,0.000007
1341,0.000016
1342,0.000001
1343,0.000002
1344,0.000010
1345,0.000002
1346,0.000001
1347,0.000002
1348,0.000001
1349,0.000002
1350,0.000001
1351,0.000010
1352,0.000055
1353,0.000001
1354,0.000001
1355,0.000001
1356,0.000001
1357,0.000002
1358,0.000007
1359,0.000010
1360,0.000002
1361,0.000127
1362,0.000001
1363,0.000001
1364,0.000001
1365,0.000006
1366,0.000002
1367,0.000020
1368,0.000001
1369,0.000035
1370,0.000013
1371,0.000002
1372,0.000001
1373,0.000002
1374,0.000006
1375,0.000009
1376,0.000051
1377,0.000023
1378,0.000001
1379,0.000002
1380,0.000010
1381,0.000001
1382,0.000002
1383,0.000001
1384,0.000002
1385,0.000002
1386,0.000001
1387,0.000001
1388,0.000011
1389,0.000007
1390,0.000023
1391,0.000021
1392,0.000001
1393,0.000008
1394,0.000001
1395,0.000001
1396,0.000002
1397,0.000002
1398,0.000006
1399,0.000022
1400,0.000002
1401,0.000002
1402,0.000010
1403,0.000001
1404,0.000002
1405,0.000005
1406,0.000001
1407,0.000005
1408,0.000006
1409,0.000014
1410,0.000001
1411,0.000002
1412,0.000001
1413,0.000002
1414,0.000001
1415,0.000001
1416,0.000013
1417,0.000001
1418,0.000001
1419,0.000003
1420,0.000020
1421,0.000002
1422,0.000002
1423,0.000002
1424,0.000001
1425,0.000006
1426,0.000002
1427,0.000003
1428,0.000001
1429,0.000002
1430,0.000001
1431,0.000025
1432,0.000002
1433,0.000002
1434,0.000002
1435,0.000005
1436,0.000002
1437,0.000008
1438,0.000001
1439,0.000004
1440,0.000033
1441,0.000002
1442,0.000001
1443,0.000001
1444,0.000002
1445,0.000002
1446,0.000006
1447,0.000017
1448,0.000002
1449,0.000012
1450,0.000002
1451,0.000002
1452,0.000001
1453,0.000002
1454,0.000002
1455,0.000001
1456,0.000015
1457,0.000007
1458,0.000033
1459,0.000002
1460,0.000007
1461,0.000002
1462,0.000002
1463,0.000002
1464,0.000001
1465,0.006146
1466,0.000001
1467,0.000016
1468,0.000001
1469,0.000002
1470,0.000010
1471,0.000020
1472,0.000002
1473,0.000003
1474,0.000001
1475,0.000002
1476,0.000001
1477,0.000002
1478,0.000001
1479,0.000002
1480,0.000010
1481,0.000001
1482,0.000002
1483,0.000049
1484,0.000003
1485,0.000036
1486,0.000001
1487,0.000004
1488,0.000016
1489,0.000001
1490,0.000001
1491,0.000016
1492,0.000001
1493,0.000001
1494,0.000001
1495,0.000002
1496,0.000002
1497,0.000002
1498,0.000002
1499,0.000001
1500,0.000001
1501,0.000002
1502,0.000002
1503,0.000001
1504,0.000002
1505,0.000002
1506,0.000001
1507,0.000001
1508,0.000002
1509,0.000046
1510,0.000001
1511,0.000002
1512,0.000006
1513,0.000035
1514,0.000002
1515,0.000002
1516,0.000021
1517,0.000005
1518,0.000002
1519,0.000004
1520,0.000017
1521,0.000002
1522,0.000047
1523,0.000038
1524,0.000005
1525,0.000002
1526,0.000001
1527,0.000002
1528,0.000009
1529,0.000002
1530,0.000014
1531,0.000001
1532,0.000005
1533,0.000001
1534,0.000046
1535,0.000009
1536,0.000006
1537,0.000002
1538,0.000009
1539,0.000011
1540,0.000036
1541,0.000001
1542,0.000007
1543,0.000002
1544,0.000002
1545,0.000006
1546,0.000001
1547,0.000015
1548,0.000001
1549,0.000006
1550,0.000001
1551,0.000022
1552,0.000001
1553,0.000004
1554,0.000021
1555,0.000002
1556,0.000003
1557,0.000019
1558,0.000001
1559,0.000023
1560,0.000001
1561,0.000004
1562,0.000002
1563,0.000017
1564,0.000002
1565,0.000002
1566,0.000001
1567,0.000002
1568,0.000001
1569,0.000002
1570,0.000017
1571,0.000007
1572,0.000005
1573,0.000002
1574,0.000010
1575,0.000001
1576,0.000002
1577,0.007159
1578,0.000001
1579,0.000001
1580,0.000011
1581,0.000001
1582,0.000002
1583,0.000002
1584,0.000025
1585,0.000002
1586,0.000001
1587,0.000002
1588,0.000002
1589,0.000025
1590,0.000040
1591,0.000002
1592,0.000001
1593,0.000002
1594,0.000002
1595,0.000002
1596,0.000002
1597,0.000014
1598,0.000015
1599,0.000001
1600,0.000014
1601,0.000001
1602,0.000001
1603,0.000019
1604,0.000017
1605,0.000012
1606,0.000002
1607,0.000001
1608,0.000016
1609,0.000012
1610,0.000020
1611,0.000002
1612,0.000024
1613,0.000022
1614,0.000010
1615,0.000002
1616,0.000002
1617,0.000044
1618,0.000076
1619,0.000013
1620,0.000014
1621,0.000051
1622,0.000021
1623,0.000012
1624,0.000001
1625,0.000002
1626,0.000033
1627,0.000001
1628,0.000002
1629,0.000001
1630,0.000002
1631,0.000001
1632,0.000011
1633,0.000001
1634,0.000001
1635,0.000001
1636,0.000002
1637,0.000014
1638,0.000001
1639,0.000011
1640,0.000001
1641,0.000002
1642,0.000002
1643,0.000014
1644,0.000008
1645,0.000002
1646,0.000002
1647,0.000002
1648,0.000001
1649,0.000001
1650,0.000001
1651,0.000001
1652,0.000009
1653,0.000009
1654,0.000001
1655,0.000002
1656,0.000003
1657,0.000001
1658,0.000002
1659,0.000011
1660,0.000002
1661,0.000002
1662,0.000018
1663,0.000056
1664,0.000001
1665,0.000015
1666,0.000046
1667,0.000001
1668,0.000016
1669,0.000019
1670,0.000001
1671,0.000002
1672,0.000001
1673,0.000002
1674,0.000004
1675,0.000015
1676,0.000001
1677,0.000002
1678,0.000002
1679,0.000002
1680,0.000002
1681,0.000001
1682,0.000001
1683,0.000016
1684,0.000006
1685,0.000013
1686,0.000001
1687,0.000006
1688,0.000013
1689,0.000016
1690,0.000001
1691,0.000002
1692,0.000006
1693,0.000001
1694,0.000002
1695,0.000002
1696,0.000001
1697,0.000030
1698,0.000002
1699,0.000002
1700,0.000003
1701,0.000001
1702,0.000072
1703,0.000002
1704,0.000001
1705,0.000001
1706,0.000002
1707,0.000022
1708,0.000001
1709,0.000002
1710,0.000002
1711,0.000001
1712,0.000012
1713,0.000001
1714,0.000023
1715,0.000002
1716,0.000002
1717,0.000018
1718,0.004515
1719,0.000002
1720,0.000002
1721,0.000014
1722,0.000007
1723,0.000008
1724,0.000007
1725,0.000002
1726,0.000002
1727,0.000002
1728,0.000001
1729,0.000002
1730,0.000027
1731,0.000001
1732,0.000002
1733,0.000001
1734,0.000007
1735,0.000015
1736,0.000019
1737,0.000010
1738,0.000001
1739,0.000001
1740,0.000006
1741,0.000014
1742,0.000002
1743,0.000001
1744,0.000002
1745,0.000005
1746,0.000022
1747,0.000001
1748,0.000001
1749,0.000001
1750,0.000016
1751,0.000002
1752,0.000014
1753,0.000013
1754,0.000007
1755,0.000001
1756,0.000001
1757,0.000016
1758,0.000002
1759,0.000001
1760,0.000001
1761,0.000015
1762,0.000001
1763,0.000002
1764,0.000001
1765,0.000009
1766,0.000002
1767,0.000002
1768,0.000025
1769,0.000032
1770,0.000002
1771,0.000003
1772,0.000008
1773,0.000001
1774,0.000007
1775,0.000002
1776,0.000001
1777,0.000009
1778,0.000006
1779,0.000002
1780,0.000031
1781,0.000001
1782,0.000037
1783,0.000002
1784,0.000001
1785,0.000001
1786,0.000002
1787,0.000001
1788,0.000001
1789,0.000012
1790,0.000002
1791,0.000017
1792,0.000001
1793,0.000019
1794,0.000002
1795,0.000011
1796,0.000009
1797,0.000001
1798,0.000001
1799,0.000019
1800,0.000027
1801,0.000001
1802,0.000001
1803,0.000001
1804,0.000023
1805,0.000004
1806,0.000002
1807,0.000002
1808,0.000005
1809,0.000013
1810,0.000012
1811,0.000009
1812,0.000002
1813,0.000020
1814,0.000001
1815,0.000001
1816,0.000015
1817,0.000031
1818,0.000002
1819,0.000012
1820,0.000002
1821,0.000004
1822,0.000001
1823,0.000016
1824,0.000002
1825,0.000002
1826,0.000013
1827,0.000023
1828,0.000002
1829,0.000001
1830,0.000001
1831,0.000002
1832,0.000005
1833,0.000023
1834,0.000001
1835,0.000051
1836,0.000033
1837,0.000001
1838,0.000001
1839,0.000020
1840,0.000001
1841,0.000002
1842,0.000017
1843,0.000006
1844,0.000003
1845,0.000012
1846,0.000033
1847,0.000001
1848,0.000001
1849,0.000016
1850,0.000001
1851,0.000006
1852,0.000031
1853,0.000001
1854,0.000001
1855,0.000001
1856,0.000001
1857,0.000002
1858,0.000005
1859,0.000002
1860,0.000002
1861,0.000012
1862,0.000002
1863,0.000035
1864,0.000013
1865,0.000002
1866,0.000002
1867,0.000015
1868,0.000014
1869,0.000001
1870,0.000002
1871,0.000002
1872,0.000002
1873,0.000001
1874,0.000002
1875,0.000001
1876,0.000002
1877,0.000009
1878,0.000002
1879,0.000019
1880,0.000001
1881,0.000003
1882,0.000002
1883,0.000041
1884,0.000001
1885,0.000002
1886,0.000014
1887,0.000001
1888,0.000029
1889,0.000001
1890,0.000001
1891,0.000011
1892,0.000001
1893,0.000002
1894,0.000002
1895,0.000001
1896,0.000001
1897,0.000002
1898,0.000012
1899,0.000002
1900,0.000003
1901,0.000001
1902,0.000017
1903,0.000001
1904,0.000001
1905,0.000001
1906,0.000001
1907,0.000002
1908,0.000001
1909,0.000034
1910,0.000001
1911,0.000034
1912,0.095406
1913,0.000963
1914,0.000844
1915,0.000630
1916,0.003010
1917,0.079756
1918,0.069234
1919,0.000916
1920,0.006241
1921,0.000893
1922,0.000650
1923,0.001559
1924,0.000646
1925,0.054589
1926,0.005567
1927,0.000897
1928,0.000750
1929,0.066697
1930,0.000724
1931,0.000837
1932,0.005141
1933,0.000633
1934,0.000648
1935,0.000870
1936,0.000723
1937,0.000600
1938,0.080010
1939,0.003209
1940,0.004643
1941,0.051681
1942,0.011135
1943,0.080256
1944,0.000989
1945,0.006390
1946,0.080374
1947,0.004875
1948,0.005506
1949,0.000620
1950,0.000645
1951,0.000968
1952,0.001239
1953,0.054900
1954,0.003458
1955,0.004351
1956,0.000614
1957,0.000800
1958,0.000771
1959,0.006305
1960,0.000803
1961,0.000644
1962,0.079575
1963,0.038467
1964,0.002409
1965,0.000791
1966,0.071123
1967,0.000591
1968,0.000836
1969,0.000699
1970,0.002395
1971,0.074732
1972,0.001170
1973,0.001141
1974,0.000645
1975,0.000818
1976,0.000903
1977,0.000647
1978,0.000693
1979,0.073808
1980,0.000912
1981,0.002139
1982,0.001949
1983,0.080399
1984,0.075473
1985,0.082738
1986,0.064458
1987,0.002054
1988,0.000838
1989,0.038698
1990,0.000716
1991,0.000872
1992,0.000672
1993,0.083533
1994,0.004590
1995,0.000979
1996,0.000608
1997,0.059909
1998,0.000901
1999,0.000813
2000,0.000782
2001,0.000973
2002,0.004569
2003,0.001786
2004,0.000915
2005,0.067373
2006,0.000869
2007,0.015231
2008,0.000628
2009,0.000950
2010,0.003925
2011,0.000827
2012,0.000673
2013,0.000633
2014,0.000635
2015,0.000604
2016,0.000689
2017,0.000613
2018,0.000963
2019,0.003149
2020,0.069389
2021,0.013797
2022,0.000903
2023,0.000754
2024,0.000931
2025,0.000745
2026,0.010401
2027,0.000870
2028,0.005281
2029,0.001284
2030,0.079651
2031,0.001518
2032,0.006381
2033,0.073722
2034,0.000615
2035,0.000747
2036,0.000882
2037,0.069475
2038,0.004343
2039,0.005559
2040,0.063270
2041,0.000624
2042,0.004967
2043,0.074326
2044,0.007399
2045,0.075187
2046,0.055746
2047,0.007519
2048,0.002040
2049,0.000804
2050,0.000709
2051,0.000631
2052,0.005314
2053,0.005910
2054,0.006709
2055,0.031782
2056,0.044077
2057,0.002820
2058,0.030733
2059,0.082065
2060,0.044455
2061,0.000867
2062,0.006200
2063,0.060870
2064,0.078689
2065,0.004270
2066,0.000741
2067,0.007630
2068,0.006147
2069,0.070106
2070,0.000645
2071,0.006447
2072,0.005679
2073,0.082256
2074,0.071012
2075,0.002073
2076,0.000686
2077,0.056533
2078,0.084136
2079,0.000588
2080,0.000675
2081,0.008476
2082,0.000696
2083,0.064036
2084,0.056618
2085,0.000902
2086,0.060185
2087,0.007205
2088,0.082470
2089,0.000701
2090,0.080998
2091,0.000764
2092,0.011504
2093,0.075579
2094,0.000610
2095,0.066516
2096,0.001095
2097,0.000790
2098,0.051790
2099,0.001216
2100,0.000616
2101,0.002819
2102,0.005874
2103,0.077229
2104,0.077600
2105,0.000633
2106,0.000599
2107,0.000843
2108,0.072343
2109,0.059759
2110,0.002141
2111,0.007134
2112,0.068650
2113,0.000632
2114,0.000675
2115,0.060127
2116,0.001695
2117,0.005677
2118,0.080076
2119,0.000661
2120,0.000693
2121,0.069225
2122,0.064087
2123,0.083672
2124,0.073132
2125,0.005713
2126,0.000960
2127,0.004962
2128,0.005903
2129,0.000762
2130,0.000642
2131,0.082133
2132,0.003911
2133,0.005487
2134,0.004409
2135,0.004543
2136,0.032512
2137,0.005903
2138,0.006348
2139,0.076821
2140,0.073889
2141,0.000945
2142,0.084193
2143,0.004417
2144,0.004038
2145,0.001143
2146,0.000695
2147,0.012809
2148,0.004879
2149,0.005536
2150,0.080155
2151,0.004725
2152,0.000664
2153,0.007183
2154,0.069220
2155,0.001425
2156,0.000701
2157,0.000855
2158,0.000631
2159,0.000872
2160,0.000697
2161,0.003375
2162,0.000680
2163,0.002598
2164,0.039766
2165,0.056037
2166,0.000658
2167,0.000603
2168,0.000595
2169,0.004884
2170,0.000702
2171,0.000996
2172,0.079892
2173,0.000760
2174,0.004263
2175,0.000771
2176,0.004154
2177,0.000901
2178,0.000595
2179,0.041943
2180,0.005556
2181,0.000659
2182,0.000667
2183,0.006544
2184,0.077997
2185,0.000976
2186,0.000826
2187,0.006556
2188,0.080966
2189,0.011987
2190,0.072610
2191,0.005392
2192,0.000828
2193,0.000688
2194,0.005609
2195,0.000588
2196,0.005556
2197,0.000710
2198,0.002405
2199,0.007216
2200,0.072848
2201,0.080743
2202,0.000871
2203,0.003728
2204,0.000599
2205,0.000803
2206,0.086053
2207,0.001831
2208,0.004512
2209,0.001175
2210,0.042375
2211,0.001437
2212,0.062091
2213,0.045565
2214,0.001439
2215,0.003920
2216,0.058737
2217,0.000646
2218,0.084156
2219,0.000635
2220,0.082156
2221,0.001485
2222,0.001560
2223,0.005986
2224,0.006009
2225,0.000854
2226,0.002048
2227,0.000623
2228,0.000796
2229,0.083008
2230,0.000655
2231,0.000832
2232,0.002837
2233,0.085173
2234,0.006233
2235,0.002345
2236,0.000769
2237,0.054839
2238,0.000640
2239,0.003211
2240,0.083057
2241,0.005401
2242,0.002424
2243,0.002736
2244,0.083342
2245,0.000610
2246,0.004763
2247,0.005474
2248,0.000706
2249,0.001209
2250,0.004882
2251,0.000631
2252,0.000897
2253,0.067872
2254,0.003465
2255,0.000633
2256,0.000661
2257,0.066054
2258,0.021307
2259,0.003480
2260,0.000705
2261,0.057249
2262,0.002635
2263,0.000620
2264,0.003525
2265,0.000665
2266,0.086983
2267,0.003242
2268,0.004573
2269,0.000588
2270,0.000717
2271,0.076942
2272,0.001255
2273,0.003988
2274,0.001480
2275,0.078911
2276,0.066597
2277,0.000722
2278,0.072619
2279,0.006929
2280,0.002582
2281,0.000618
2282,0.006446
2283,0.007054
2284,0.000909
2285,0.003162
2286,0.000737
2287,0.030463
2288,0.003949
2289,0.005852
2290,0.079039
2291,0.001275
2292,0.008063
2293,0.004462
2294,0.004260
2295,0.001676
2296,0.001085
2297,0.000806
2298,0.001316
2299,0.067492
2300,0.047274
2301,0.000624
2302,0.007158
2303,0.008366
2304,0.002417
2305,0.001069
2306,0.050950
2307,0.062592
2308,0.068585
2309,0.082022
2310,0.001026
2311,0.021381
2312,0.000860
2313,0.002084
2314,0.000713
2315,0.004304
2316,0.000663
2317,0.000798
2318,0.001090
2319,0.006301
2320,0.000677
2321,0.000620
2322,0.001135
2323,0.077334
2324,0.080183
2325,0.002218
2326,0.077016
2327,0.005336
2328,0.007791
2329,0.054647
2330,0.002256
2331,0.079434
2332,0.005210
2333,0.007583
2334,0.057475
2335,0.000794
2336,0.007875
2337,0.000799
2338,0.005888
2339,0.075672
2340,0.083053
2341,0.000701
2342,0.000767
2343,0.003892
2344,0.004850
2345,0.002728
2346,0.000781
2347,0.080321
2348,0.066219
2349,0.000693
2350,0.008450
2351,0.006078
2352,0.072605
2353,0.037937
2354,0.076011
2355,0.001956
2356,0.075252
2357,0.000642
2358,0.000660
2359,0.065375
2360,0.000637
2361,0.000891
2362,0.000931
2363,0.072851
2364,0.000977
2365,0.000922
2366,0.001190
2367,0.002098
2368,0.003461
2369,0.081757
2370,0.069426
2371,0.000813
2372,0.005016
2373,0.000637
2374,0.073454
2375,0.000616
2376,0.074619
2377,0.003861
2378,0.000915
2379,0.001737
2380,0.000605
2381,0.075606
2382,0.000591
2383,0.007986
2384,0.008060
2385,0.003759
2386,0.062204
2387,0.014115
2388,0.000617
2389,0.001050
2390,0.002180
2391,0.026432
2392,0.040720
2393,0.008161
2394,0.003882
2395,0.075740
2396,0.002508
2397,0.000786
2398,0.006728
2399,0.003381
2400,0.001010
2401,0.001249
2402,0.000661
2403,0.000703
2404,0.070114
2405,0.000674
2406,0.001072
2407,0.039973
2408,0.067432
2409,0.075549
2410,0.083518
2411,0.000782
2412,0.000720
2413,0.000902
2414,0.077552
2415,0.001563
2416,0.001105
2417,0.003011
2418,0.052315
2419,0.004111
2420,0.005555
2421,0.000614
2422,0.000612
2423,0.071196
2424,0.000634
2425,0.001455
2426,0.001628
2427,0.007422
2428,0.078725
2429,0.032075
2430,0.063527
2431,0.000612
2432,0.001229
2433,0.064771
2434,0.003151
2435,0.000732
2436,0.004953
2437,0.000603
2438,0.003174
2439,0.000632
2440,0.000825
2441,0.000608
2442,0.001242
2443,0.004607
2444,0.000677
2445,0.003386
2446,0.069613
2447,0.000908
2448,0.000786
2449,0.013087
2450,0.000641
2451,0.005741
2452,0.000688
2453,0.000746
2454,0.004879
2455,0.000666
2456,0.000625
2457,0.000588
2458,0.004546
2459,0.000953
2460,0.072692
2461,0.005297
2462,0.040067
2463,0.005592
2464,0.084279
2465,0.003422
2466,0.000658
2467,0.057416
2468,0.062825
2469,0.060897
2470,0.000588
2471,0.006087
2472,0.004136
2473,0.002281
2474,0.000804
2475,0.004488
2476,0.011631
2477,0.050104
2478,0.032187
2479,0.001800
2480,0.000959
2481,0.000595
2482,0.069521
2483,0.000595
2484,0.055449
2485,0.060119
2486,0.000689
2487,0.000618
2488,0.000783
2489,0.047606
2490,0.000741
2491,0.005774
2492,0.076377
2493,0.000655
2494,0.000811
2495,0.062269
2496,0.001794
2497,0.000739
2498,0.003508
2499,0.036828
2500,0.076950
2501,0.007218
2502,0.002201
2503,0.000699
2504,0.065670
2505,0.000615
2506,0.053337
2507,0.083273
2508,0.005109
2509,0.005105
2510,0.006622
2511,0.006488
2512,0.008968
2513,0.000681
2514,0.000695
2515,0.000664
2516,0.004716
2517,0.000654
2518,0.004555
2519,0.002088
2520,0.071194
2521,0.061782
2522,0.001437
2523,0.000666
2524,0.005143
2525,0.001176
2526,0.075230
2527,0.000623
2528,0.000620
2529,0.001523
2530,0.003998
2531,0.001503
2532,0.048299
2533,0.005996
2534,0.000715
2535,0.000628
2536,0.025980
2537,0.003781
2538,0.000961
2539,0.061708
2540,0.000801
2541,0.000591
2542,0.078991
2543,0.072871
2544,0.002336
2545,0.001494
2546,0.062128
2547,0.003617
2548,0.000624
2549,0.070931
2550,0.069484
2551,0.066754
2552,0.050094
2553,0.074111
2554,0.042372
2555,0.006566
2556,0.056952
2557,0.001094
2558,0.000682
2559,0.071940
2560,0.080786
2561,0.066586
2562,0.000657
2563,0.048744
2564,0.078951
2565,0.000608
2566,0.000895
2567,0.007296
2568,0.000794
2569,0.000588
2570,0.000678
2571,0.001590
2572,0.002182
2573,0.066967
2574,0.044670
2575,0.059399
2576,0.016391
2577,0.000678
2578,0.071997
2579,0.052451
2580,0.000653
2581,0.002086
2582,0.004841
2583,0.000882
2584,0.002277
2585,0.000816
2586,0.080423
2587,0.000666
2588,0.004049
2589,0.003226
2590,0.082002
2591,0.043035
2592,0.006553
2593,0.079130
2594,0.004851
2595,0.000595
2596,0.000588
2597,0.006553
2598,0.006918
2599,0.001435
2600,0.075829
2601,0.080143
2602,0.081494
2603,0.002224
2604,0.082071
2605,0.001908
2606,0.034538
2607,0.081245
2608,0.004330
2609,0.003526
2610,0.001298
2611,0.081547
2612,0.000993
2613,0.013920
2614,0.000678
2615,0.078646
2616,0.004352
2617,0.004448
2618,0.000745
2619,0.070376
2620,0.000919
2621,0.000616
2622,0.002149
2623,0.056517
2624,0.079402
2625,0.079274
2626,0.000762
2627,0.000845
2628,0.000756
2629,0.006398
2630,0.074380
2631,0.050503
2632,0.000621
2633,0.000812
2634,0.000604
2635,0.001132
2636,0.000816
2637,0.001184
2638,0.072505
2639,0.000811
2640,0.000963
2641,0.000882
2642,0.005223
2643,0.005202
2644,0.000757
2645,0.000900
2646,0.057234
2647,0.000863
2648,0.000871
2649,0.005246
2650,0.000685
2651,0.000631
2652,0.001863
2653,0.003624
2654,0.066867
2655,0.073392
2656,0.000672
2657,0.000865
2658,0.000794
2659,0.000898
2660,0.000840
2661,0.000000
2662,0.000000
2663,0.000000
2664,0.000000
2665,0.000000
2666,0.000000
2667,0.000000
2668,0.000000
2669,0.000000
2670,0.000000
2671,0.000000
2672,0.000000
2673,0.000000
2674,0.000000
2675,0.000000
2676,0.000000
2677,0.000000
2678,0.000000
2679,0.000000
2680,0.000000
2681,0.000000
2682,0.000000
2683,0.000000
2684,0.000000
2685,0.000000
2686,0.000000
2687,0.000000
2688,0.000000
2689,0.000000
2690,0.000000
2691,0.000000
2692,0.000000
2693,0.000000
2694,0.000000
2695,0.000000
2696,0.000000
2697,0.000000
2698,0.000000
2699,0.000000
2700,0.000000
2701,0.000000
2702,0.000000
2703,0.000000
2704,0.000000
2705,0.000000
2706,0.000000
2707,0.000000
2708,0.000000
2709,0.000000
2710,0.000000
2711,0.000000
2712,0.000000
2713,0.000000
2714,0.000000
2715,0.000000
2716,0.000000
2717,0.000000
2718,0.000000
2719,0.000000
2720,0.000000
2721,0.000000
2722,0.000000
2723,0.000000
2724,0.000000
2725,0.000000
2726,0.000000
2727,0.000000
2728,0.000000
2729,0.000000
2730,0.000000
2731,0.000000
2732,0.000000
2733,0.000000
2734,0.000000
2735,0.000000
2736,0.000000
2737,0.000000
2738,0.000000
2739,0.000000
2740,0.000000
2741,0.000000
2742,0.000000
2743,0.000000
2744,0.000000
2745,0.000000
2746,0.000000
2747,0.000000
2748,0.000000
2749,0.000000
2750,0.000000
2751,0.000000
2752,0.000000
2753,0.000000
2754,0.000000
2755,0.000000
2756,0.000000
2757,0.000000
2758,0.000000
2759,0.000000
2760,0.000000
2761,0.000000
2762,0.000000
2763,0.000000
2764,0.000000
2765,0.000000
2766,0.000000
2767,0.000000
2768,0.000000
2769,0.000000
2770,0.000000
2771,0.000000
2772,0.000000
2773,0.000000
2774,0.000000
2775,0.000000
2776,0.000000
2777,0.000000
2778,0.000000
2779,0.000000
2780,0.000000
2781,0.000000
2782,0.000000
2783,0.000000
2784,0.000000
2785,0.000000
2786,0.000000
2787,0.000000
2788,0.000000
2789,0.000000
2790,0.000000
2791,0.000000
2792,0.000000
2793,0.000000
2794,0.000000
2795,0.000000
2796,0.000000
2797,0.000000
2798,0.000000
2799,0.000000
2800,0.000000
2801,0.000000
2802,0.000000
2803,0.000000
2804,0.000000
2805,0.000000
2806,0.000000
2807,0.000000
2808,0.000000
2809,0.000000
2810,0.000000
2811,0.000000
2812,0.000000
2813,0.000000
2814,0.000004
2815,0.000000
2816,0.000000
2817,0.000000
2818,0.000000
2819,0.000000
2820,0.000000
2821,0.000000
2822,0.000000
2823,0.000000
2824,0.000000
2825,0.000000
2826,0.000000
2827,0.000000
2828,0.000000
2829,0.000000
2830,0.000000
2831,0.000000
2832,0.000000
2833,0.000000
2834,0.000000
2835,0.000000
2836,0.000000
2837,0.000000
2838,0.000004
2839,0.000000
2840,0.000000
2841,0.000000
2842,0.000000
2843,0.000000
2844,0.000000
2845,0.000000
2846,0.000000
2847,0.000000
2848,0.000000
2849,0.000000
2850,0.000000
2851,0.000000
2852,0.000000
2853,0.000000
2854,0.000000
2855,0.000000
2856,0.000000
2857,0.000000
2858,0.000000
2859,0.000000
2860,0.000000
2861,0.000000
2862,0.000000
2863,0.000000
2864,0.000000
2865,0.000000
2866,0.000000
2867,0.000000
2868,0.000000
2869,0.000000
2870,0.000000
2871,0.000000
2872,0.000000
2873,0.000000
2874,0.000000
2875,0.000000
2876,0.000000
2877,0.000000
2878,0.000000
2879,0.000000
2880,0.000000
2881,0.000000
2882,0.000000
2883,0.000001
2884,0.000000
2885,0.000004
2886,0.000000
2887,0.000000
2888,0.000000
2889,0.000000
2890,0.000000
2891,0.000000
2892,0.000000
2893,0.000000
2894,0.000000
2895,0.000000
2896,0.000000
2897,0.000000
2898,0.000000
2899,0.000000
2900,0.000000
2901,0.000000
2902,0.000000
2903,0.000000
2904,0.000000
2905,0.000000
2906,0.000000
2907,0.000000
2908,0.000000
2909,0.000000
2910,0.000000
2911,0.000000
2912,0.000000
2913,0.000000
2914,0.000000
2915,0.000000
2916,0.000000
2917,0.000000
2918,0.000000
2919,0.000000
2920,0.000000
2921,0.000000
2922,0.000000
2923,0.000000
2924,0.000000
2925,0.000000
2926,0.000000
2927,0.000000
2928,0.000000
2929,0.000000
2930,0.000000
2931,0.000000
2932,0.000000
2933,0.000000
2934,0.000000
2935,0.000000
2936,0.000000
2937,0.000000
2938,0.000000
2939,0.000000
2940,0.000000
2941,0.000000
2942,0.000000
2943,0.000000
2944,0.000000
2945,0.000000
2946,0.000000
2947,0.000000
2948,0.000000
2949,0.000000
2950,0.000000
2951,0.000000
2952,0.000000
2953,0.000000
2954,0.000000
2955,0.000000
2956,0.000000
2957,0.000000
2958,0.000000
2959,0.000000
2960,0.000000
2961,0.000000
2962,0.000000
2963,0.000000
2964,0.000000
2965,0.000000
2966,0.000000
2967,0.000000
2968,0.000000
2969,0.000000
2970,0.000000
2971,0.000000
2972,0.000000
2973,0.000000
2974,0.000000
2975,0.000000
2976,0.000000
2977,0.000000
2978,0.000000
2979,0.000000
2980,0.000000
2981,0.000000
2982,0.000000
2983,0.000000
2984,0.000000
2985,0.000000
2986,0.000000
2987,0.000000
2988,0.000000
2989,0.000000
2990,0.000000
2991,0.000000
2992,0.000000
2993,0.000000
2994,0.000000
2995,0.000000
2996,0.000000
2997,0.000000
2998,0.000000
2999,0.000000
3000,0.000000
3001,0.000000
3002,0.000000
3003,0.000004
3004,0.000000
3005,0.000000
3006,0.000000
3007,0.000000
3008,0.000000
3009,0.000000
3010,0.000000
3011,0.000000
3012,0.000000
3013,0.000000
3014,0.000000
3015,0.000000
3016,0.000000
3017,0.000000
3018,0.000000
3019,0.000000
3020,0.000000
3021,0.000000
3022,0.000000
3023,0.000000
3024,0.000000
3025,0.000000
3026,0.000000
3027,0.000000
3028,0.000000
3029,0.000000
3030,0.000000
3031,0.000000
3032,0.000000
3033,0.000000
3034,0.000000
3035,0.000000
3036,0.000000
3037,0.000000
3038,0.000000
3039,0.000000
3040,0.000000
3041,0.000000
3042,0.000000
3043,0.000000
3044,0.000000
3045,0.000000
3046,0.000000
3047,0.000000
3048,0.000000
3049,0.000000
3050,0.000000
3051,0.000000
3052,0.000000
3053,0.000000
3054,0.000000
3055,0.000000
3056,0.000000
3057,0.000000
3058,0.000000
3059,0.000000
3060,0.000000
3061,0.000000
3062,0.000000
3063,0.000000
3064,0.000000
3065,0.000000
3066,0.000000
3067,0.000000
3068,0.000000
3069,0.000000
3070,0.000000
3071,0.000000
3072,0.000000
3073,0.000000
3074,0.000000
3075,0.000000
3076,0.000000
3077,0.000000
3078,0.000000
3079,0.000000
3080,0.000000
3081,0.000000
3082,0.000000
3083,0.000000
3084,0.000000
3085,0.000000
3086,0.000000
3087,0.000000
3088,0.000000
3089,0.000000
3090,0.000000
3091,0.000000
3092,0.000000
3093,0.000000
3094,0.000000
3095,0.000000
3096,0.000000
3097,0.000000
3098,0.000000
3099,0.000000
3100,0.000000
3101,0.000000
3102,0.000000
3103,0.000000
3104,0.000000
3105,0.000000
3106,0.000000
3107,0.000000
3108,0.000000
3109,0.000000
3110,0.000000
3111,0.000000
3112,0.000000
3113,0.000000
3114,0.000000
3115,0.000000
3116,0.000000
3117,0.000000
3118,0.000000
3119,0.000000
3120,0.000000
3121,0.000000
3122,0.000000
3123,0.000000
3124,0.000000
3125,0.000000
3126,0.000000
3127,0.000000
3128,0.000000
3129,0.000000
3130,0.000000
3131,0.000000
3132,0.000000
3133,0.000000
3134,0.000000
3135,0.000000
3136,0.000000
3137,0.000000
3138,0.000000
3139,0.000000
3140,0.000000
3141,0.000000
3142,0.000000
3143,0.000000
3144,0.000000
3145,0.000000
3146,0.000000
3147,0.000000
3148,0.000000
3149,0.000000
3150,0.000000
3151,0.000000
3152,0.000000
3153,0.000000
3154,0.000000
3155,0.000000
3156,0.000000
3157,0.000000
3158,0.000000
3159,0.000000
3160,0.000000
3161,0.000000
3162,0.000000
3163,0.000000
3164,0.000000
3165,0.000000
3166,0.000000
3167,0.000000
3168,0.000000
3169,0.000000
3170,0.000000
3171,0.000000
3172,0.000000
3173,0.000004
3174,0.000000
3175,0.000000
3176,0.000000
3177,0.000000
3178,0.000000
3179,0.000000
3180,0.000000
3181,0.000000
3182,0.000000
3183,0.000000
3184,0.000000
3185,0.000000
3186,0.000000
3187,0.000000
3188,0.000000
3189,0.000000
3190,0.000000
3191,0.000000
3192,0.000000
3193,0.000000
3194,0.000000
3195,0.000000
3196,0.000000
3197,0.000000
3198,0.000000
3199,0.000000
3200,0.000000
3201,0.000000
3202,0.000000
3203,0.000000
3204,0.000000
3205,0.000000
3206,0.000000
3207,0.000000
3208,0.000000
3209,0.000000
3210,0.000000
3211,0.000000
3212,0.000000
3213,0.000000
3214,0.000000
3215,0.000000
3216,0.000000
3217,0.000000
3218,0.000000
3219,0.000000
3220,0.000000
3221,0.000000
3222,0.000001
3223,0.000000
3224,0.000000
3225,0.000000
3226,0.000000
3227,0.000000
3228,0.000000
3229,0.000000
3230,0.000000
3231,0.000000
3232,0.000000
3233,0.000000
3234,0.000000
3235,0.000000
3236,0.000000
3237,0.000000
3238,0.000000
3239,0.000000
3240,0.000000
3241,0.000000
3242,0.000000
3243,0.000000
3244,0.000000
3245,0.000001
3246,0.000000
3247,0.000000
3248,0.000000
3249,0.000000
3250,0.000000
3251,0.000000
3252,0.000000
3253,0.000000
3254,0.000000
3255,0.000000
3256,0.000000
3257,0.000000
3258,0.000000
3259,0.000000
3260,0.000000
3261,0.000000
3262,0.000000
3263,0.000001
3264,0.000000
3265,0.000000
3266,0.000000
3267,0.000000
3268,0.000000
3269,0.000000
3270,0.000000
3271,0.000000
3272,0.000000
3273,0.000000
3274,0.000000
3275,0.000000
3276,0.000000
3277,0.000000
3278,0.000001
3279,0.000000
3280,0.000000
3281,0.000000
3282,0.000000
3283,0.000000
3284,0.000000
3285,0.000000
3286,0.000000
3287,0.000000
3288,0.000000
3289,0.000000
3290,0.000004
3291,0.000000
3292,0.000000
3293,0.000000
3294,0.000000
3295,0.000000
3296,0.000000
3297,0.000000
3298,0.000000
3299,0.000000
3300,0.000000
3301,0.000000
3302,0.000000
3303,0.000000
3304,0.000000
3305,0.000000
3306,0.000000
3307,0.000000
3308,0.000000
3309,0.000000
3310,0.000000
3311,0.000000
3312,0.000000
3313,0.000000
3314,0.000000
3315,0.000000
3316,0.000000
3317,0.000000
3318,0.000000
3319,0.000000
3320,0.000000
3321,0.000000
3322,0.000000
3323,0.000000
3324,0.000000
3325,0.000000
3326,0.000000
3327,0.000000
3328,0.000000
3329,0.000000
3330,0.000000
3331,0.000000
3332,0.000000
3333,0.000000
3334,0.000000
3335,0.000000
3336,0.000000
3337,0.000000
3338,0.000000
3339,0.000000
3340,0.000000
3341,0.000000
3342,0.000000
3343,0.000000
3344,0.000000
3345,0.000000
3346,0.000000
3347,0.000000
3348,0.000000
3349,0.000000
3350,0.000000
3351,0.000000
3352,0.000000
3353,0.000000
3354,0.000000
3355,0.000000
3356,0.000000
3357,0.000000
3358,0.000000
3359,0.000000
3360,0.000000
3361,0.000000
3362,0.000000
3363,0.000000
3364,0.000000
3365,0.000000
3366,0.000000
3367,0.000000
3368,0.000000
3369,0.000000
3370,0.000000
3371,0.000000
3372,0.000000
3373,0.000000
3374,0.000000
3375,0.000000
3376,0.000000
3377,0.000000
3378,0.000000
3379,0.000000
3380,0.000000
3381,0.000000
3382,0.000000
3383,0.000000
3384,0.000000
3385,0.000000
3386,0.000000
3387,0.000000
3388,0.000000
3389,0.000000
3390,0.000000
3391,0.000000
3392,0.000000
3393,0.000000
3394,0.000000
3395,0.000000
3396,0.000000
3397,0.000000
3398,0.000000
3399,0.000000
3400,0.000000
3401,0.000000
3402,0.000000
3403,0.000000
3404,0.000000
3405,0.000000
3406,0.000000
3407,0.000000
3408,0.000000
3409,0.000000
3410,0.000000
3411,0.000000
3412,0.000000
3413,0.000000
3414,0.000000
3415,0.000000
3416,0.000000
3417,0.000000
3418,0.000000
3419,0.000000
3420,0.000000
3421,0.000000
3422,0.000000
3423,0.000000
3424,0.000000
3425,0.000000
3426,0.000000
3427,0.000000
3428,0.000000
3429,0.000000
3430,0.000000
3431,0.000000
3432,0.000000
3433,0.000000
3434,0.000000
3435,0.000000
3436,0.000000
3437,0.000000
3438,0.000000
3439,0.000000
3440,0.000000
3441,0.000000
3442,0.000000
3443,0.000000
3444,0.000000
3445,0.000000
3446,0.000000
3447,0.000000
3448,0.000000
3449,0.000000
3450,0.000000
3451,0.000000
3452,0.000000
3453,0.000000
3454,0.000000
3455,0.000000
3456,0.000000
3457,0.000000
3458,0.000000
3459,0.000000
3460,0.000000
3461,0.000000
3462,0.000000
3463,0.000000
3464,0.000000
3465,0.000000
3466,0.000000
3467,0.000000
3468,0.000000
3469,0.000000
3470,0.000000
3471,0.000000
3472,0.000000
3473,0.000000
3474,0.000000
3475,0.000000
3476,0.000000
3477,0.000000
3478,0.000000
3479,0.000000
3480,0.000000
3481,0.000000
3482,0.000000
3483,0.000000
3484,0.000000
3485,0.000000
3486,0.000000
3487,0.000000
3488,0.000000
3489,0.000000
3490,0.000000
3491,0.000000
3492,0.000000
3493,0.000000
3494,0.000000
3495,0.000000
3496,0.000000
3497,0.000000
3498,0.000000
3499,0.000000
3500,0.000000
3501,0.000000
3502,0.000000
3503,0.000000
3504,0.000000
3505,0.000000
3506,0.000000
3507,0.000000
3508,0.000000
3509,0.000000
3510,0.000000
3511,0.000000
3512,0.000000
3513,0.000000
3514,0.000000
3515,0.000000
3516,0.000000
3517,0.000000
3518,0.000000
3519,0.000000
3520,0.000000
3521,0.000000
3522,0.000000
3523,0.000000
3524,0.000000
3525,0.000000
3526,0.000000
3527,0.000000
3528,0.000000
3529,0.000000
3530,0.000000
3531,0.000000
3532,0.000000
3533,0.000000
3534,0.000000
3535,0.000000
3536,0.000000
3537,0.000000
3538,0.000000
3539,0.000000
3540,0.000000
3541,0.000000
3542,0.000000
3543,0.000000
3544,0.000000
3545,0.000000
3546,0.000000
3547,0.000000
3548,0.000000
3549,0.000000
3550,0.000000
3551,0.000000
3552,0.000000
3553,0.000000
3554,0.000000
3555,0.000000
3556,0.000000
3557,0.000000
3558,0.000000
3559,0.000000
3560,0.000000
3561,0.000000
3562,0.000000
3563,0.000000
3564,0.000000
3565,0.000000
3566,0.000000
3567,0.000000
3568,0.000000
3569,0.000000
3570,0.000000
3571,0.000000
3572,0.000000
3573,0.000000
3574,0.000000
3575,0.000000
3576,0.000000
3577,0.000000
3578,0.000000
3579,0.000000
3580,0.000000
3581,0.000000
3582,0.000000
3583,0.000000
3584,0.000000
3585,0.000000
3586,0.000000
3587,0.000000
3588,0.000000
3589,0.000000
3590,0.000000
3591,0.000000
3592,0.000000
3593,0.000000
3594,0.000000
3595,0.000000
3596,0.000000
3597,0.000000
3598,0.000000
3599,0.000000
3600,0.000000
3601,0.000000
3602,0.000000
3603,0.000000
3604,0.000000
3605,0.000000
3606,0.000000
3607,0.000000
3608,0.000000
3609,0.000000
3610,0.000000
3611,0.000000
3612,0.000000
3613,0.000000
3614,0.000000
3615,0.000000
3616,0.000000
3617,0.000000
3618,0.000000
3619,0.000000
3620,0.000000
3621,0.000000
3622,0.000000
3623,0.000000
3624,0.000000
3625,0.000000
3626,0.000000
3627,0.000000
3628,0.000000
3629,0.000000
3630,0.000000
3631,0.000000
3632,0.000000
3633,0.000000
3634,0.000000
3635,0.000000
3636,0.000000
3637,0.000000
3638,0.000000
3639,0.000000
3640,0.000000
3641,0.000000
3642,0.000000
3643,0.000000
3644,0.000000
3645,0.000000
3646,0.000000
3647,0.000000
3648,0.000000
3649,0.000000
3650,0.000000
3651,0.000000
3652,0.000000
3653,0.000000
3654,0.000000
3655,0.000000
3656,0.000000
3657,0.000000
3658,0.000000
3659,0.000000
3660,0.000000
3661,0.000000
3662,0.000000
3663,0.000000
3664,0.000000
3665,0.000000
3666,0.000000
3667,0.000000
3668,0.000000
3669,0.000000
3670,0.000000
3671,0.000000
3672,0.000000
3673,0.000000
3674,0.000000
3675,0.000000
3676,0.000000
3677,0.000000
3678,0.000000
3679,0.000000
3680,0.000000
3681,0.000000
3682,0.000000
3683,0.000000
3684,0.000000
3685,0.000000
3686,0.000000
3687,0.000000
3688,0.000000
3689,0.000000
3690,0.000000
3691,0.000000
3692,0.000000
3693,0.000000
3694,0.000000
3695,0.000000
3696,0.000000
3697,0.000000
3698,0.000000
3699,0.000000
3700,0.000000
3701,0.000000
3702,0.000000
3703,0.000000
3704,0.000000
3705,0.000000
3706,0.000000
3707,0.000000
3708,0.000000
3709,0.000000
3710,0.000000
3711,0.000000
3712,0.000000
3713,0.000000
3714,0.000000
3715,0.000000
3716,0.000000
3717,0.000000
3718,0.000000
3719,0.000000
3720,0.000000
3721,0.000000
3722,0.000000
3723,0.000000
3724,0.000000
3725,0.000000
3726,0.000000
3727,0.000000
3728,0.000000
3729,0.000000
3730,0.000000
3731,0.000000
3732,0.000000
3733,0.000000
3734,0.000000
3735,0.000000
3736,0.000000
3737,0.000000
3738,0.000000
3739,0.000000
3740,0.000000
3741,0.000000
3742,0.000000
3743,0.000000
3744,0.000000
3745,0.000000
3746,0.000000
3747,0.000000
3748,0.000000
3749,0.000000
3750,0.000000
3751,0.000000
3752,0.000000
3753,0.000000
3754,0.000000
3755,0.000000
3756,0.000000
3757,0.000000
3758,0.000000
3759,0.000000
3760,0.000000
3761,0.000000
3762,0.000000
3763,0.000000
3764,0.000000
3765,0.000000
3766,0.000000
3767,0.000000
3768,0.000000
3769,0.000000
3770,0.000000
3771,0.000000
3772,0.000000
3773,0.000000
3774,0.000000
3775,0.000000
3776,0.000000
3777,0.000000
3778,0.000000
3779,0.000000
3780,0.000000
3781,0.000000
3782,0.000000
3783,0.000000
3784,0.000000
3785,0.000000
3786,0.000000
3787,0.000000
3788,0.000000
3789,0.000000
3790,0.000000
3791,0.000000
3792,0.000000
3793,0.000000
3794,0.000000
3795,0.000000
3796,0.000000
3797,0.000000
3798,0.000000
3799,0.000000
3800,0.000000
3801,0.000000
3802,0.000000
3803,0.000000
3804,0.000000
3805,0.000000
3806,0.000000
3807,0.000000
3808,0.000000
3809,0.000000
3810,0.000000
3811,0.000000
3812,0.000000
3813,0.000000
3814,0.000000
3815,0.000000
3816,0.000000
3817,0.000000
3818,0.000000
3819,0.000000
3820,0.000000
3821,0.000000
3822,0.000000
3823,0.000000
3824,0.000000
3825,0.000000
3826,0.000000
3827,0.000000
3828,0.000000
3829,0.000000
3830,0.000000
3831,0.000000
3832,0.000000
3833,0.000000
3834,0.000000
3835,0.000000
3836,0.000000
3837,0.000000
3838,0.000000
3839,0.000000
3840,0.000000
3841,0.000000
3842,0.000000
3843,0.000000
3844,0.000000
3845,0.000000
3846,0.000000
3847,0.000000
3848,0.000000
3849,0.000000
3850,0.000000
3851,0.000000
3852,0.000000
3853,0.000000
3854,0.000000
3855,0.000000
3856,0.000000
3857,0.000000
3858,0.000000
3859,0.000000
3860,0.000000
3861,0.000000
3862,0.000000
3863,0.000000
3864,0.000000
3865,0.000000
3866,0.000000
3867,0.000000
3868,0.000000
3869,0.000000
3870,0.000000
3871,0.000000
3872,0.000000
3873,0.000000
3874,0.000000
3875,0.000000
3876,0.000000
3877,0.000000
3878,0.000000
3879,0.000000
3880,0.000000
3881,0.000000
3882,0.000000
3883,0.000000
3884,0.000000
3885,0.000000
3886,0.000000
3887,0.000000
3888,0.000000
3889,0.000000
3890,0.000000
3891,0.000000
3892,0.000000
3893,0.000000
3894,0.000000
3895,0.000000
3896,0.000000
3897,0.000000
3898,0.000000
3899,0.000000
3900,0.000000
3901,0.000000
3902,0.000000
3903,0.000000
3904,0.000000
3905,0.000000
3906,0.000000
3907,0.000000
3908,0.000000
3909,0.000000
3910,0.000000
3911,0.000000
3912,0.000000
3913,0.000000
3914,0.000000
3915,0.000000
3916,0.000000
3917,0.000000
3918,0.000000
3919,0.000000
3920,0.000000
3921,0.000000
3922,0.000000
3923,0.000000
3924,0.000000
3925,0.000000
3926,0.000000
3927,0.000000
3928,0.000000
3929,0.000000
3930,0.000000
3931,0.000000
3932,0.000000
3933,0.000000
3934,0.000000
3935,0.000000
3936,0.000000
3937,0.000000
3938,0.000000
3939,0.000000
3940,0.000000
3941,0.000000
3942,0.000000
3943,0.000000
3944,0.000000
3945,0.000000
3946,0.000000
3947,0.000000
3948,0.000000
3949,0.000000
3950,0.000000
3951,0.000000
3952,0.000000
3953,0.000000
3954,0.000000
3955,0.000000
3956,0.000000
3957,0.000000
3958,0.000000
3959,0.000000
3960,0.000000
3961,0.000000
3962,0.000000
3963,0.000000
3964,0.000000
3965,0.000000
3966,0.000000
3967,0.000000
3968,0.000000
3969,0.000000
3970,0.000000
3971,0.000000
3972,0.000000
3973,0.000000
3974,0.000000
3975,0.000000
3976,0.000000
3977,0.000000
3978,0.000000
3979,0.000000
3980,0.000000
3981,0.000000
3982,0.000000
3983,0.000000
3984,0.000000
3985,0.000000
3986,0.000000
3987,0.000000
3988,0.000000
3989,0.000000
3990,0.000000
3991,0.000000
3992,0.000000
3993,0.000000
3994,0.000000
3995,0.000000
3996,0.000000
3997,0.000000
3998,0.000000
3999,0.000000
4000,0.000000
4001,0.000000
4002,0.000000
4003,0.000000
4004,0.000000
4005,0.000000
4006,0.000000
4007,0.000000
4008,0.000000
4009,0.000000
4010,0.000000
4011,0.000000
4012,0.000000
4013,0.000000
4014,0.000000
4015,0.000000
4016,0.000000
4017,0.000000
4018,0.000000
4019,0.000000
4020,0.000000
4021,0.000000
4022,0.000000
4023,0.000000
4024,0.000000
4025,0.000000
4026,0.000000
4027,0.000000
4028,0.000000
4029,0.000000
4030,0.000000
4031,0.000000
4032,0.000000
4033,0.000000
4034,0.000000
4035,0.000000
4036,0.000000
4037,0.000000
4038,0.000000
